programme,receptor,ligandSet,ligandLabel,protocol,pH,frames,n,proximity_mean,proximity_sd,U_L1_Pb_mean,U_L1_Pb_sd,U_L2_pep_mean,U_L2_pep_sd,U_L3_5H_mean,U_L3_5H_sd,U_L4_ACh_mean,U_L4_ACh_sd,U_tot_mean,U_tot_sd
prog2_pore,acidicPore,L2,KSRRRAR exclusive,fixed-pH,7.4,120,5,1.000,0.000,0.0000,0.0000,-24.8016,1.7625,0.0000,0.0000,0.0000,0.0000,-366.4827,29.4483
prog2_pore,acidicPore,L2,KSRRRAR exclusive,fixed-pH,6.2,120,5,1.000,0.000,0.0000,0.0000,-23.9635,3.7532,0.0000,0.0000,0.0000,0.0000,-362.0007,62.9899
prog2_pore,acidicPore,L2,KSRRRAR exclusive,fixed-pH,5,120,5,1.000,0.000,0.0000,0.0000,-22.8727,3.6538,0.0000,0.0000,0.0000,0.0000,-350.8619,62.3182
prog2_pore,acidicPore,L2pr,PRARR exclusive,fixed-pH,7.4,120,5,1.000,0.000,0.0000,0.0000,-32.1711,28.8342,0.0000,0.0000,0.0000,0.0000,-284.7148,46.3562
prog2_pore,acidicPore,L2pr,PRARR exclusive,fixed-pH,6.2,120,5,1.000,0.000,0.0000,0.0000,-18.9607,1.7724,0.0000,0.0000,0.0000,0.0000,-266.5505,27.4205
prog2_pore,acidicPore,L2pr,PRARR exclusive,fixed-pH,5,120,5,1.000,0.000,0.0000,0.0000,-18.1827,1.6086,0.0000,0.0000,0.0000,0.0000,-263.8777,30.6925
prog2_pore,acidicPore,L3,5H-EAF exclusive,fixed-pH,7.4,120,5,1.000,0.000,0.0000,0.0000,0.0000,0.0000,-13.2422,2.0844,0.0000,0.0000,-82.1133,8.0650
prog2_pore,acidicPore,L3,5H-EAF exclusive,fixed-pH,6.2,120,5,1.000,0.000,0.0000,0.0000,0.0000,0.0000,-27.6446,22.8916,0.0000,0.0000,-264.3238,35.2511
prog2_pore,acidicPore,L3,5H-EAF exclusive,fixed-pH,5,120,5,1.000,0.000,0.0000,0.0000,0.0000,0.0000,-20.5809,1.8551,0.0000,0.0000,-301.8834,29.5942
prog2_pore,acidicPore,L2L3,KSRRRAR + 5H-EAF,fixed-pH,7.4,120,5,1.000,0.000,0.0000,0.0000,-20.2038,3.4835,-0.8679,0.5885,0.0000,0.0000,-298.3277,57.2339
prog2_pore,acidicPore,L2L3,KSRRRAR + 5H-EAF,fixed-pH,6.2,120,5,1.000,0.000,0.0000,0.0000,-16.7797,5.3678,-5.5850,4.1636,0.0000,0.0000,-285.3754,46.3156
prog2_pore,acidicPore,L2L3,KSRRRAR + 5H-EAF,fixed-pH,5,120,5,1.000,0.000,0.0000,0.0000,-15.6193,5.4699,-7.4214,4.4736,0.0000,0.0000,-277.2543,70.2059
prog2_pore,acidicPore,L1L2L3,Pb + KSRRRAR + 5H-EAF,fixed-pH,7.4,120,5,1.000,0.000,-3.9316,1.8620,-39.6254,50.1054,-0.4236,0.2207,0.0000,0.0000,-295.6767,82.1028
prog2_pore,acidicPore,L1L2L3,Pb + KSRRRAR + 5H-EAF,fixed-pH,6.2,120,5,1.000,0.000,-5.1736,1.3755,-37.3836,53.2468,-2.0343,2.2254,0.0000,0.0000,-268.8589,94.3625
prog2_pore,acidicPore,L1L2L3,Pb + KSRRRAR + 5H-EAF,fixed-pH,5,120,5,1.000,0.000,-5.1126,2.6348,-36.5029,56.1067,-3.2506,3.8185,0.0000,0.0000,-253.7631,99.8703
