programme,receptor,ligandSet,ligandLabel,protocol,pH,frames,n,proximity_mean,proximity_sd,U_L1_Pb_mean,U_L1_Pb_sd,U_L2_pep_mean,U_L2_pep_sd,U_L3_mean,U_L3_sd,U_L4_ACh_mean,U_L4_ACh_sd,U_tot_mean,U_tot_sd
prog3_ach,alpha7Allo,L4,ACh exclusive,fixed-pH,7.4,100,5,1.000,0.000,0.0000,0.0000,0.0000,0.0000,0.0000,0.0000,-6.1874,0.8214,-25.5825,2.8478
prog3_ach,alpha7Allo,L4,ACh exclusive,fixed-pH,6.2,100,5,1.000,0.000,0.0000,0.0000,0.0000,0.0000,0.0000,0.0000,-5.9205,0.4338,-24.5724,2.5053
prog3_ach,alpha7Allo,L4,ACh exclusive,fixed-pH,5,100,5,1.000,0.000,0.0000,0.0000,0.0000,0.0000,0.0000,0.0000,-5.9122,0.4560,-24.1444,1.9414
prog3_ach,alpha7Allo,L4L1,ACh + Pb²⁺,fixed-pH,7.4,100,5,1.000,0.000,-3.3420,3.9251,0.0000,0.0000,0.0000,0.0000,-3.1930,2.5882,-13.0469,6.4880
prog3_ach,alpha7Allo,L4L1,ACh + Pb²⁺,fixed-pH,6.2,100,5,1.000,0.000,-3.0610,3.7011,0.0000,0.0000,0.0000,0.0000,-3.5425,2.9462,-13.9170,6.5891
prog3_ach,alpha7Allo,L4L1,ACh + Pb²⁺,fixed-pH,5,100,5,1.000,0.000,-2.6425,2.8531,0.0000,0.0000,0.0000,0.0000,-3.2631,2.6755,-13.2187,4.9806
prog3_ach,alpha7Allo,L4L2,ACh + KSRRRAR,fixed-pH,7.4,100,5,1.200,0.447,0.0000,0.0000,-12.2504,15.8771,0.0000,0.0000,-2.9594,2.6598,-24.5527,35.9939
prog3_ach,alpha7Allo,L4L2,ACh + KSRRRAR,fixed-pH,6.2,100,5,1.200,0.447,0.0000,0.0000,-12.6978,16.4236,0.0000,0.0000,-2.7838,2.5572,-25.9528,38.1703
prog3_ach,alpha7Allo,L4L2,ACh + KSRRRAR,fixed-pH,5,100,5,1.000,0.000,0.0000,0.0000,-13.4916,16.1608,0.0000,0.0000,-2.6846,2.4942,-30.4989,36.4412
prog3_ach,alpha7Ortho,L4,ACh exclusive,fixed-pH,7.4,100,5,1.000,0.000,0.0000,0.0000,0.0000,0.0000,0.0000,0.0000,-3.4305,0.4471,-15.8431,1.3883
prog3_ach,alpha7Ortho,L4,ACh exclusive,fixed-pH,6.2,100,5,1.000,0.000,0.0000,0.0000,0.0000,0.0000,0.0000,0.0000,-3.7150,0.4722,-15.8391,1.2197
prog3_ach,alpha7Ortho,L4,ACh exclusive,fixed-pH,5,100,5,1.000,0.000,0.0000,0.0000,0.0000,0.0000,0.0000,0.0000,-3.6808,0.3356,-15.6808,1.1280
prog3_ach,alpha7Ortho,L4L1,ACh + Pb²⁺,fixed-pH,7.4,100,5,1.000,0.000,-0.6899,0.5963,0.0000,0.0000,0.0000,0.0000,-3.0975,2.4086,-2.3580,4.2167
prog3_ach,alpha7Ortho,L4L1,ACh + Pb²⁺,fixed-pH,6.2,100,5,1.000,0.000,-0.6858,0.6053,0.0000,0.0000,0.0000,0.0000,-2.3718,1.6799,-1.6077,3.1543
prog3_ach,alpha7Ortho,L4L1,ACh + Pb²⁺,fixed-pH,5,100,5,1.000,0.000,-0.6526,0.5850,0.0000,0.0000,0.0000,0.0000,-2.2742,1.5538,-2.1895,2.5198
prog3_ach,alpha7Ortho,L4L2,ACh + KSRRRAR,fixed-pH,7.4,100,5,1.200,0.447,0.0000,0.0000,-2.6307,3.0573,0.0000,0.0000,-1.7002,1.8332,2.6997,12.9248
prog3_ach,alpha7Ortho,L4L2,ACh + KSRRRAR,fixed-pH,6.2,100,5,1.200,0.447,0.0000,0.0000,-1.7398,1.6639,0.0000,0.0000,-1.9372,1.8794,2.5980,10.4179
prog3_ach,alpha7Ortho,L4L2,ACh + KSRRRAR,fixed-pH,5,100,5,1.200,0.447,0.0000,0.0000,-1.6750,1.6316,0.0000,0.0000,-1.8470,1.8139,1.2501,10.0517
