programme,receptor,ligandSet,ligandLabel,protocol,pH,frames,n,proximity_mean,proximity_sd,U_L1_Pb_mean,U_L1_Pb_sd,U_L2_pep_mean,U_L2_pep_sd,U_L3_5H_mean,U_L3_5H_sd,U_L4_ACh_mean,U_L4_ACh_sd,U_tot_mean,U_tot_sd
prog4_multi_pore,acidicPore,L1_baseline,"L1 · Pb²⁺ alone",fixed-pH,7.4,120,5,1.000,0.000,-14.0987,1.6228,0.0000,0.0000,0.0000,0.0000,0.0000,0.0000,-165.6070,19.4581
prog4_multi_pore,acidicPore,L1_baseline,"L1 · Pb²⁺ alone",fixed-pH,6.2,120,5,1.000,0.000,-13.4385,1.3620,0.0000,0.0000,0.0000,0.0000,0.0000,0.0000,-161.1551,17.4387
prog4_multi_pore,acidicPore,L1_baseline,"L1 · Pb²⁺ alone",fixed-pH,5,120,5,1.000,0.000,-13.4056,1.3696,0.0000,0.0000,0.0000,0.0000,0.0000,0.0000,-161.9019,15.2098
prog4_multi_pore,acidicPore,L2_baseline,"L2 · KSRRRAR alone",fixed-pH,7.4,120,5,1.000,0.000,0.0000,0.0000,-21.1479,3.0705,0.0000,0.0000,0.0000,0.0000,-308.5841,56.7098
prog4_multi_pore,acidicPore,L2_baseline,"L2 · KSRRRAR alone",fixed-pH,6.2,120,5,1.000,0.000,0.0000,0.0000,-20.6283,3.0423,0.0000,0.0000,0.0000,0.0000,-304.3856,55.8871
prog4_multi_pore,acidicPore,L2_baseline,"L2 · KSRRRAR alone",fixed-pH,5,120,5,1.000,0.000,0.0000,0.0000,-20.2070,2.5784,0.0000,0.0000,0.0000,0.0000,-307.2120,49.1673
prog4_multi_pore,acidicPore,L3_baseline,"L3 · ACh alone",fixed-pH,7.4,120,5,1.000,0.000,0.0000,0.0000,0.0000,0.0000,0.0000,0.0000,-22.2423,5.1382,-157.5718,10.2148
prog4_multi_pore,acidicPore,L3_baseline,"L3 · ACh alone",fixed-pH,6.2,120,5,1.000,0.000,0.0000,0.0000,0.0000,0.0000,0.0000,0.0000,-20.2952,6.8064,-153.6862,14.4889
prog4_multi_pore,acidicPore,L3_baseline,"L3 · ACh alone",fixed-pH,5,120,5,1.000,0.000,0.0000,0.0000,0.0000,0.0000,0.0000,0.0000,-18.6572,7.1167,-146.4478,14.9450
prog4_multi_pore,acidicPore,L4_baseline,"L4 · 5H-EAF alone",fixed-pH,7.4,120,5,1.000,0.000,0.0000,0.0000,0.0000,0.0000,-13.8626,0.5602,0.0000,0.0000,-77.9699,6.0801
prog4_multi_pore,acidicPore,L4_baseline,"L4 · 5H-EAF alone",fixed-pH,6.2,120,5,1.000,0.000,0.0000,0.0000,0.0000,0.0000,-24.8478,20.1242,0.0000,0.0000,-235.2496,40.1672
prog4_multi_pore,acidicPore,L4_baseline,"L4 · 5H-EAF alone",fixed-pH,5,120,5,1.000,0.000,0.0000,0.0000,0.0000,0.0000,-17.3912,3.0651,0.0000,0.0000,-250.9308,53.4463
prog4_multi_pore,acidicPore,1+3,"1+3 · Pb²⁺ + ACh",fixed-pH,7.4,120,5,1.000,0.000,-5.1562,2.9400,0.0000,0.0000,0.0000,0.0000,-18.2795,5.8546,-144.7236,9.4572
prog4_multi_pore,acidicPore,1+3,"1+3 · Pb²⁺ + ACh",fixed-pH,6.2,120,5,1.000,0.000,-5.6890,2.0701,0.0000,0.0000,0.0000,0.0000,-19.3702,2.5623,-148.9980,8.8252
prog4_multi_pore,acidicPore,1+3,"1+3 · Pb²⁺ + ACh",fixed-pH,5,120,5,1.000,0.000,-5.5483,1.8997,0.0000,0.0000,0.0000,0.0000,-16.2840,5.9780,-143.9398,3.5578
prog4_multi_pore,acidicPore,2+3,"2+3 · KSRRRAR + ACh",fixed-pH,7.4,120,5,1.000,0.000,0.0000,0.0000,-35.3172,49.4542,0.0000,0.0000,-5.3767,2.8123,-244.4205,73.9004
prog4_multi_pore,acidicPore,2+3,"2+3 · KSRRRAR + ACh",fixed-pH,6.2,120,5,1.000,0.000,0.0000,0.0000,-34.2124,50.1489,0.0000,0.0000,-9.9678,8.0042,-238.7726,70.9654
prog4_multi_pore,acidicPore,2+3,"2+3 · KSRRRAR + ACh",fixed-pH,5,120,5,1.000,0.000,0.0000,0.0000,-34.3171,49.1956,0.0000,0.0000,-7.0921,8.0639,-243.1608,64.8096
prog4_multi_pore,acidicPore,1+2+3,"1+2+3 · Pb²⁺ + KSRRRAR + ACh",fixed-pH,7.4,120,5,1.000,0.000,-1.0838,1.2788,-12.9714,6.2571,0.0000,0.0000,-4.4434,1.7618,-216.3483,74.8853
prog4_multi_pore,acidicPore,1+2+3,"1+2+3 · Pb²⁺ + KSRRRAR + ACh",fixed-pH,6.2,120,5,1.000,0.000,-1.0316,1.2293,-12.5972,6.0884,0.0000,0.0000,-4.2537,1.6513,-212.0053,73.5435
prog4_multi_pore,acidicPore,1+2+3,"1+2+3 · Pb²⁺ + KSRRRAR + ACh",fixed-pH,5,120,5,1.000,0.000,-0.9696,1.1847,-12.0487,5.8453,0.0000,0.0000,-5.2778,3.2834,-214.3123,69.7839
prog4_multi_pore,acidicPore,3+4,"3+4 · ACh + 5H-EAF",fixed-pH,7.4,120,5,1.000,0.000,0.0000,0.0000,0.0000,0.0000,-5.3245,2.6591,-12.0012,2.4256,-136.5187,8.1773
prog4_multi_pore,acidicPore,3+4,"3+4 · ACh + 5H-EAF",fixed-pH,6.2,120,5,1.000,0.000,0.0000,0.0000,0.0000,0.0000,-18.2332,20.7927,-8.7827,5.7339,-182.4449,28.3127
prog4_multi_pore,acidicPore,3+4,"3+4 · ACh + 5H-EAF",fixed-pH,5,120,5,1.000,0.000,0.0000,0.0000,0.0000,0.0000,-28.2496,39.2265,-10.4418,7.4208,-211.9661,46.2642
prog4_multi_pore,acidicPore,2+3+4,"2+3+4 · KSRRRAR + ACh + 5H-EAF",fixed-pH,7.4,120,5,1.000,0.000,0.0000,0.0000,-13.7866,4.8896,-0.9216,0.2254,-5.6129,6.3661,-228.5249,47.2917
prog4_multi_pore,acidicPore,2+3+4,"2+3+4 · KSRRRAR + ACh + 5H-EAF",fixed-pH,6.2,120,5,1.000,0.000,0.0000,0.0000,-12.9767,4.6933,-3.3198,2.6043,-3.1203,3.1094,-234.3122,49.7912
prog4_multi_pore,acidicPore,2+3+4,"2+3+4 · KSRRRAR + ACh + 5H-EAF",fixed-pH,5,120,5,1.000,0.000,0.0000,0.0000,-8.1052,3.0765,-6.6345,3.8424,-4.9470,7.8590,-198.2952,38.6440
prog4_multi_pore,acidicPore,1+2+3+4,"1+2+3+4 · Full competition",fixed-pH,7.4,120,5,1.000,0.000,-1.0287,1.3365,-58.7659,64.1991,-0.8091,0.3020,-3.5878,2.7034,-271.7086,114.0065
prog4_multi_pore,acidicPore,1+2+3+4,"1+2+3+4 · Full competition",fixed-pH,6.2,120,5,1.000,0.000,-0.9784,1.3495,-35.0569,56.4113,-3.7489,1.6428,-2.3853,1.9906,-225.2390,107.9987
prog4_multi_pore,acidicPore,1+2+3+4,"1+2+3+4 · Full competition",fixed-pH,5,120,5,1.000,0.000,-0.9332,1.2825,-35.1471,57.8008,-8.4900,2.7317,-1.8990,1.7351,-263.0397,118.8181